"","listing_url","date_posted","job_title","agency","position_type","salary"
"1","http://wfscjobs.tamu.edu/jobs/vegetation-monitoring-field-technician-salmon-idaho/",2016-02-29,"Vegetation Monitoring Field Technician, Salmon, Idaho","The Great Basin Institute","Temporary/Seasonal Positions","$15/hour, $15/day field per diem and $75/week housing stipend"
"2","http://wfscjobs.tamu.edu/jobs/vegetation-monitoring-field-lead-salmon-idaho-2/",2016-02-29,"Vegetation Monitoring Field Lead, Salmon, Idaho","The Great Basin Institute","Temporary/Seasonal Positions","$1,360 bi-weekly, $15/day field per diem and $75/week housing stipend"
"3","http://wfscjobs.tamu.edu/jobs/vegetationhabitat-monitoring-field-lead-blm-oregon/",2016-02-29,"Vegetation/Habitat Monitoring Field Lead, BLM Oregon","The Great Basin Institute","Temporary/Seasonal Positions","$1,360 bi-weekly, $15/day field per diem and $75/week housing stipend"
"4","http://wfscjobs.tamu.edu/jobs/naturewildlife-guide-training-fgasa-south-africa/",2016-02-29,"Nature/Wildlife Guide training (FGASA) South Africa","Intern Africa","Internships","o"
"5","http://wfscjobs.tamu.edu/jobs/animal-behavior-research-south-africa/",2016-02-29,"Animal behavior Research South Africa","Intern Africa","Internships",NA
"6","http://wfscjobs.tamu.edu/jobs/research-in-south-africa-topic-breeding-wildlife/",2016-02-29,"Research in South Africa. Topic: Breeding wildlife","Intern Africa","Internships",NA
"7","http://wfscjobs.tamu.edu/jobs/avian-field-assistants-china/",2016-02-29,"AVIAN FIELD ASSISTANTS: China","Beijing Normal University","Volunteer Openings","All expenses in China during work period (i.e. housing, foods, and local travels, etc.) will be covered, but there is no salary, and the assistants are responsible for their travel to and from China."
"8","http://wfscjobs.tamu.edu/jobs/alternative-agriculture-internship-wyoming/",2016-02-29,"Alternative Agriculture Internship- Wyoming","440 Ranch/Doyle Family Farm","Internships","$800/month + room and board"
"9","http://wfscjobs.tamu.edu/jobs/vessel-driver-washington/",2016-02-29,"Vessel Driver: Washington","Soundwatch Boater Educaiton Program, The Whale Museum","Temporary/Seasonal Positions","Half and Full day pay rates"
"10","http://wfscjobs.tamu.edu/jobs/americorps-member-ace-utah-specialized-chainsaw-training/",2016-02-26,"AmeriCorps Member- ACE Utah (Specialized Chainsaw Training)","American Conservation Experience","Internships","Stipend, Education Award and Housing provided"
"11","http://wfscjobs.tamu.edu/jobs/ranchfawn-care-internship-texas/",2016-02-26,"Ranch/Fawn Care Internship: Texas","White Ghost Ranch","Internships","paid"
"12","http://wfscjobs.tamu.edu/jobs/sous-chef-maine/",2016-02-26,"Sous Chef: Maine","National Audubon Society","Temporary/Seasonal Positions","hourly"
"13","http://wfscjobs.tamu.edu/jobs/kitchen-assistant-maine-2/",2016-02-26,"Kitchen Assistant: Maine","National Audubon Society","Temporary/Seasonal Positions","hourly"
"14","http://wfscjobs.tamu.edu/jobs/facilities-assistant-maine/",2016-02-26,"Facilities Assistant: Maine","National Audubon Society","Temporary/Seasonal Positions","hourly"
"15","http://wfscjobs.tamu.edu/jobs/field-technician-canada/",2016-02-26,"Field Technician: Canada","University of New Brunswick","Temporary/Seasonal Positions","$5000 for the summer"
"16","http://wfscjobs.tamu.edu/jobs/conservation-aide-montana-2/",2016-02-26,"Conservation Aide: Montana","Montana ","Temporary/Seasonal Positions","12.35  Hourly"
"17","http://wfscjobs.tamu.edu/jobs/conservation-technician-4-supervisor-east-montana/",2016-02-26,"Conservation Technician 4 Supervisor East: Montana","Montana ","Temporary/Seasonal Positions","16.94  Hourly"
"18","http://wfscjobs.tamu.edu/jobs/bay-area-conservation-crew-leader-california/",2016-02-26,"Bay Area Conservation Crew Leader: California","The Student Conservation Association","Temporary/Seasonal Positions","Compensation:  TBD. Total salary depending on experience & crew length"
"19","http://wfscjobs.tamu.edu/jobs/nr-tech-duck-bander-s-and-central-minnesota-crews/",2016-02-26,"NR Tech – Duck Bander (S. and Central Minnesota crews)","MN DNR","Temporary/Seasonal Positions","16.21/hour"
"20","http://wfscjobs.tamu.edu/jobs/wilderness-instructor-w-spanish-speaking-skills-preferred/",2016-02-26,"Wilderness Instructor (w/ Spanish speaking skills preferred)","Broadreach","Temporary/Seasonal Positions","Depends on Experience"
"21","http://wfscjobs.tamu.edu/jobs/animal-care-intern-minnesota/",2016-02-26,"Animal Care Intern: Minnesota","The Wildcat Sanctuary","Internships","$50/wk stipend and housing provided"
"22","http://wfscjobs.tamu.edu/jobs/conservation-aide-montana/",2016-02-25,"Conservation Aide: Montana","Montana Department of Fish, Wildlife & Parks","Temporary/Seasonal Positions","12.35  Hourly"
"23","http://wfscjobs.tamu.edu/jobs/temporarycontract-summer-worker-urban-wildlife-biologist-intern-texas/",2016-02-25,"Temporary/Contract Summer Worker: Urban Wildlife Biologist Intern: Texas","Texas Parks & Wildlife Department","Internships","$12.00 - $13.50/hr   NOTE: If selected for a paid opportunity, Intern will be paid at the rate of pay reflected from the completed hours on fall transcript. Spring semester credit hours do not count towards the rate of pay for the internship.  Total contract not to exceed $5,000"
"24","http://wfscjobs.tamu.edu/jobs/reforestation-volunteership-in-madagascar/",2016-02-25,"Reforestation volunteership in Madagascar","Madagascar Biodiversity Partnership","Volunteer Openings","none"
"25","http://wfscjobs.tamu.edu/jobs/summer-technician-southern-utah/",2016-02-25,"Summer Technician Southern Utah","Utah State University","Temporary/Seasonal Positions","$12/hour"
"26","http://wfscjobs.tamu.edu/jobs/4-h-camp-position-environmental-education-seasonal-staffintern-kentucky/",2016-02-24,"4-H CAMP POSITION Environmental Education Seasonal Staff/Intern: Kentucky","Kentucky 4-H/Youth Development Program The University of Kentucky Cooperative Extension Service","Temporary/Seasonal Positions",NA
"27","http://wfscjobs.tamu.edu/jobs/field-assistants-needed-for-ferruginous-hawk-research-project-alberta/",2016-02-24,"Field assistants needed for ferruginous hawk research project: Alberta","University of Alberta","Temporary/Seasonal Positions","$2500-3000 CDN/ month"
"28","http://wfscjobs.tamu.edu/jobs/avian-field-technicians-arizona-utah/",2016-02-24,"Avian Field Technicians: Arizona, Utah","Northern Arizona University/Colorado Plateau Research Station","Temporary/Seasonal Positions","$13.50-15.50 per hour, depending on experience"
"29","http://wfscjobs.tamu.edu/jobs/houston-conservation-crew-leader-texas/",2016-02-24,"Houston Conservation Crew Leader: Texas","The Student Conservation Association","Temporary/Seasonal Positions","Compensation:  Up to $4000 total salary depending on experience & program length. Paid Crew Leader Training & Work Skills (travel, food & lodging provided). Crew leader pay will amount to $545 per week."
"30","http://wfscjobs.tamu.edu/jobs/aquatic-invasive-species-technician-wyoming/",2016-02-24,"Aquatic Invasive Species Technician – Wyoming","Wyoming Game and Fish Department","Temporary/Seasonal Positions","$13.39/hour"
"31","http://wfscjobs.tamu.edu/jobs/shrubland-birdvegetation-field-technicians-3-positions-illinois/",2016-02-24,"Shrubland Bird/Vegetation Field Technicians (3 positions): Illinois","Illinois Natural History Survey","Temporary/Seasonal Positions","$9-12/hour DOE"
"32","http://wfscjobs.tamu.edu/jobs/wildlife-technician-i-kentucky-3/",2016-02-24,"Wildlife Technician I: Kentucky","Kentucky Department of Fish and Wildlife","Temporary/Seasonal Positions","Pay Grade 09 (MIN-MID) $21,886.80 - $28,994.64 yearly at 37.5 hour work week"
"33","http://wfscjobs.tamu.edu/jobs/wildlife-technician-i-3-month-kentucky/",2016-02-24,"Wildlife Technician I (3-month): Kentucky","Kentucky Department of Fish and Wildlife","Temporary/Seasonal Positions","Pay Grade 09 (MIN-MID) $21,886.80 - $28,994.64 yearly at 37.5 hour work week"
"34","http://wfscjobs.tamu.edu/jobs/mangrove-research-and-community-development-volunteer-madagascar/",2016-02-23,"Mangrove Research and Community Development Volunteer: Madagascar","Honko Mangrove Conservation and Education","Internships","Unpaid"
"35","http://wfscjobs.tamu.edu/jobs/field-assistant-bats-and-moths-interaction-at-archbold-biological-station-florida/",2016-02-23,"Field Assistant – Bats and moths interaction at Archbold Biological Station, Florida","Wake Forest University","Volunteer Openings","No salary is available, but we will cover the housing and transportation expenses to Archbold Station, as well as the meals per day."
"36","http://wfscjobs.tamu.edu/jobs/neon-temporary-field-technicians-kansas/",2016-02-23,"NEON Temporary Field Technicians: Kansas","National Ecological Observatory Network","Temporary/Seasonal Positions","starting at $12/hour, increases with experience"
"37","http://wfscjobs.tamu.edu/jobs/new-england-natural-resource-technician-massachusetts/",2016-02-23,"New England Natural Resource Technician: Massachusetts","Appalachian Trail Conservancy","Temporary/Seasonal Positions","12.50/hour"
"38","http://wfscjobs.tamu.edu/jobs/botany-crew-lead-wyoming/",2016-02-23,"Botany Crew Lead: Wyoming","The Wyoming Natural Diversity Database","Temporary/Seasonal Positions","$17 to $14 per hour"
"39","http://wfscjobs.tamu.edu/jobs/blm-dha-archaeology-internship-california/",2016-02-23,"BLM DHA Archaeology Internship: California","American Conservation Experience","Internships","$10-15 / hour"
"40","http://wfscjobs.tamu.edu/jobs/outdoor-recreation-planner-internships/",2016-02-23,"Outdoor Recreation Planner Internships","American Conservation Experience","Internships","$10-15 / hour"
"41","http://wfscjobs.tamu.edu/jobs/fishmussel-field-technician-illinois/",2016-02-23,"Fish/Mussel Field Technician: Illinois","Illinois Natural History Survey, a division of the Prairie Research Institute at the University of Illinois","Temporary/Seasonal Positions","$10.00 - $12.00 per hour, commensurate with experience"
"42","http://wfscjobs.tamu.edu/jobs/aquatic-macroinvertebrate-field-technician-illinois/",2016-02-23,"Aquatic Macroinvertebrate Field Technician: Illinois","Illinois Natural History Survey, a division of the Prairie Research Institute at the University of Illinois","Temporary/Seasonal Positions","$10.00 - $12.00 per hour, commensurate with experience"
"43","http://wfscjobs.tamu.edu/jobs/botanical-research-assistant-missouri/",2016-02-23,"Botanical Research Assistant: Missouri","Missouri Department of Conservation","Temporary/Seasonal Positions","$9.86/hr"
"44","http://wfscjobs.tamu.edu/jobs/rattlesnake-and-fire-technician-pennsylvania/",2016-02-22,"Rattlesnake and Fire Technician: Pennsylvania","Penn State Univeristy","Temporary/Seasonal Positions","$1800/month"
"45","http://wfscjobs.tamu.edu/jobs/environmental-education-summer-internship-florida/",2016-02-22,"Environmental Education Summer Internship – Florida","Archbold Biological Station","Internships","$100 per week, $54 weekly food stipend, weekday lunches provided, housing provided"
"46","http://wfscjobs.tamu.edu/jobs/seasonal-park-interpreter-colorado/",2016-02-22,"Seasonal Park Interpreter: Colorado","El Paso County","Temporary/Seasonal Positions","$10.00 - $11.00 Hourly"
"47","http://wfscjobs.tamu.edu/jobs/oak-savanna-and-woodland-restoration-monitoring-technicians-tennessee-kentucky-north-carolina-2/",2016-02-19,"Oak Savanna and Woodland Restoration Monitoring Technicians: Tennessee, Kentucky, North Carolina","University of Tennessee Knoxville","Temporary/Seasonal Positions","$1300/month May-Aug"
"48","http://wfscjobs.tamu.edu/jobs/staff-biologist-montana-2/",2016-02-19,"Staff Biologist: Montana","NaturEner USA","Temporary/Seasonal Positions","Commensurate with experience and education"
"49","http://wfscjobs.tamu.edu/jobs/camp-counselor-nevada/",2016-02-19,"Camp Counselor: Nevada","The Great Basin Institute","Temporary/Seasonal Positions","$150/ weekly stipend, $1,212.44 education award and housing provided"
"50","http://wfscjobs.tamu.edu/jobs/interpretive-park-assistant-big-delta-state-historical-park-alaska/",2016-02-18,"Interpretive Park Assistant – Big Delta State Historical Park, Alaska","State of Alaska, Parks and Outdoor Recreation","Volunteer Openings","See Job Description"
"51","http://wfscjobs.tamu.edu/jobs/housekeeper-in-west-yellowstone-montana/",2016-02-18,"Housekeeper in West Yellowstone: Montana","DNT","Temporary/Seasonal Positions","$400/week"
"52","http://wfscjobs.tamu.edu/jobs/short-term-volunteer-indonesia-2/",2016-02-17,"Short term Volunteer: Indonesia","Orangutan Health Project","Volunteer Openings","Voluntary Position"
"53","http://wfscjobs.tamu.edu/jobs/seasonal-integrated-pest-management-ipm-and-conservation-technician-colorado/",2016-02-17,"Seasonal Integrated Pest Management (IPM) and Conservation Technician: Colorado","City of Boulder Parks and Recreation","Temporary/Seasonal Positions","Hourly Pay Range:  $12.00- $15.00"
"54","http://wfscjobs.tamu.edu/jobs/environmental-education-instructor-spring-wisconsin/",2016-02-17,"Environmental Education Instructor (Spring): Wisconsin","Nature's Classroom institute","Temporary/Seasonal Positions","325/week plus room and board"
"55","http://wfscjobs.tamu.edu/jobs/seasonal-field-biologists-and-entomology-laboratory-technicians-colorado/",2016-02-16,"SEASONAL FIELD BIOLOGISTS and ENTOMOLOGY LABORATORY TECHNICIANS: Colorado","OtterTail Environmental","Temporary/Seasonal Positions","based on experience"
"56","http://wfscjobs.tamu.edu/jobs/aquatic-invasive-species-educator-boat-inspector-lead-minnesota/",2016-02-15,"Aquatic Invasive Species Educator & Boat Inspector Lead – MINNESOTA","Minneapolis Parks and Rec Board","Temporary/Seasonal Positions","13.48"
"57","http://wfscjobs.tamu.edu/jobs/aquatic-invasive-species-educator-boat-inspector-minnesota/",2016-02-15,"Aquatic Invasive Species Educator & Boat Inspector – MINNESOTA","Minneapolis Parks and Rec Board","Temporary/Seasonal Positions","10.97"
"58","http://wfscjobs.tamu.edu/jobs/instructor-ohio/",2016-02-15,"Instructor: Ohio","Nature's Classroom","Temporary/Seasonal Positions","$60/day"
"59","http://wfscjobs.tamu.edu/jobs/volunteer-field-assistant-pacific-pocket-mice-california/",2016-02-15,"Volunteer Field Assistant- Pacific Pocket Mice: California","UCLA","Volunteer Openings","none- this is a volunteer position"
"60","http://wfscjobs.tamu.edu/jobs/ecological-methods-research-in-reptile-ecology-washington-oregon/",2016-02-15,"Ecological Methods & Research in Reptile Ecology: Washington, Oregon","Western Washington University","Training","None"
"61","http://wfscjobs.tamu.edu/jobs/emergency-response-team-member-missouri/",2016-02-12,"Emergency Response Team Member: Missouri","AmeriCorps St. Louis Emergency Response Team","Temporary/Seasonal Positions","AmeriCorps living stipend of ~$1000/month; Education stipend of ~$5700 upon completion of 1700 service hours"
"62","http://wfscjobs.tamu.edu/jobs/fisheries-technician-apais-seasonal-field-technician-rhode-island/",2016-02-12,"Fisheries Technician – APAIS Seasonal Field Technician: Rhode Island","Atlantic States Marine Fisheries Commission","Temporary/Seasonal Positions","12.50/hour"
"63","http://wfscjobs.tamu.edu/jobs/summer-fawn-facility-position-available-texas/",2016-02-12,"Summer Fawn Facility Position Available: Texas","Havens Whitetail Deer Ranch","Temporary/Seasonal Positions","1,000 Per Month- +Housing free  +Evening Meals"
"64","http://wfscjobs.tamu.edu/jobs/summer-field-biology-opportunity-2016-new-york/",2016-02-10,"Summer Field Biology Opportunity (2016): New York","Bedford Audubon Society","Temporary/Seasonal Positions","$2,000 stipend"
"65","http://wfscjobs.tamu.edu/jobs/leon-levy-native-garden-opportunity-2016-new-york/",2016-02-10,"Leon Levy Native Garden Opportunity (2016): New York","Bedford Audubon Society","Temporary/Seasonal Positions","$2,000 stipend"
"66","http://wfscjobs.tamu.edu/jobs/bayesian-workshop-for-ecologists-and-wildlife-biologists-texas/",2016-02-10,"Bayesian Workshop for Ecologists and Wildlife Biologists: Texas","Texas State University, Department of Biology","Training","Cost: $299 students, $499 non-students"
"67","http://wfscjobs.tamu.edu/jobs/central-region-aquatic-invasive-species-tech-i-utah/",2016-02-10,"Central Region Aquatic Invasive Species Tech I: Utah","Utah Division of Wildlife","Temporary/Seasonal Positions","10.99 - 16.58"
"68","http://wfscjobs.tamu.edu/jobs/avian-field-technicians-2-maryland-virginia-west-virginia-2/",2016-02-10,"Avian field technicians (2): Maryland, Virginia, West Virginia","University of Delaware","Temporary/Seasonal Positions","$480/week"
"69","http://wfscjobs.tamu.edu/jobs/avian-research-interns-alaska/",2016-02-10,"Avian Research Interns – Alaska","U.S. Geological Survey","Internships","This is a volunteer position.  Round-trip airfare to Alaska, primitive housing, food while in the field, camping gear, and a small stipend ($5/day) will be provided."
"70","http://wfscjobs.tamu.edu/jobs/humpback-whale-field-intensive-program-puerto-rico/",2016-02-09,"Humpback Whale Field Intensive Program: Puerto Rico","Marine and Coastal Ecology Research Center","Internships","o"
"71","http://wfscjobs.tamu.edu/jobs/seabird-rehabilitation-internship-florida/",2016-02-09,"Seabird Rehabilitation Internship: Florida","Save Our Seabirds (SOS)","Internships","N/A"
"72","http://wfscjobs.tamu.edu/jobs/environmental-education-internships-wolf-camp-minnesota/",2016-02-09,"Environmental Education Internships (Wolf Camp) – Minnesota","Wildlife Science Center","Internships","$250.00/weekly camp session"
"73","http://wfscjobs.tamu.edu/jobs/bat-technician-kentucky-various-locations/",2016-02-09,"Bat Technician – Kentucky Various Locations","University of Kentucky","Temporary/Seasonal Positions","$10"
"74","http://wfscjobs.tamu.edu/jobs/field-crew-leader-science-assistant-missouri/",2016-02-09,"Field Crew Leader (Science Assistant): Missouri","Missouri Department of Conservation","Temporary/Seasonal Positions","10.73/hr"
"75","http://wfscjobs.tamu.edu/jobs/american-bear-association-wildlife-intern-minnesota/",2016-02-09,"American Bear Association Wildlife Intern: Minnesota","American Bear Association","Internships","housing and food are covered"
"76","http://wfscjobs.tamu.edu/jobs/african-field-research-intern/",2016-02-09,"African Field Research Intern","Indlovu West Conservation Research","Internships","N/A"
"77","http://wfscjobs.tamu.edu/jobs/landmark-adventure-science-on-the-great-plains/",2016-02-09,"Landmark: Adventure Science on the Great Plains","Adventurers and Scientists for Conservation","Volunteer Openings","$300/month stipend"
"78","http://wfscjobs.tamu.edu/jobs/field-technicians-illinois/",2016-02-09,"FIELD TECHNICIANS: Illinois","Illinois Natural History Survey, a division of the Prairie Research Institute at the University of Illinois","Temporary/Seasonal Positions","$10.00 - $13.00 per hour, commensurate with experience"
"79","http://wfscjobs.tamu.edu/jobs/prescribed-fire-research-technician-wisconsin/",2016-02-08,"Prescribed Fire Research Technician: Wisconsin","Wisconsin Department of Natural Resources","Temporary/Seasonal Positions","Between $13.00 - $16.00 per hour depending on experience."
"80","http://wfscjobs.tamu.edu/jobs/summer-construction-teams-in-borneo/",2016-02-08,"Summer Construction Teams in Borneo","Orangutan Foundation International","Volunteer Openings","unpaid"
"81","http://wfscjobs.tamu.edu/jobs/boat-captain-and-piping-plover-technican-new-york/",2016-02-08,"BOAT CAPTAIN AND PIPING PLOVER TECHNICAN: New York","Virginia Tech","Temporary/Seasonal Positions","Salary: 640/week + free housing"
"82","http://wfscjobs.tamu.edu/jobs/summer-camp-educator-utah/",2016-02-05,"Summer Camp Educator: Utah","Tracy Aviary","Temporary/Seasonal Positions","$9 per hour"
"83","http://wfscjobs.tamu.edu/jobs/park-ranger-assistant-harding-lake-state-recreation-area-alaska/",2016-02-05,"Park Ranger Assistant – Harding Lake State Recreation Area: Alaska","State of Alaska, Parks and Outdoor Recreation","Volunteer Openings","See Job Description"
"84","http://wfscjobs.tamu.edu/jobs/wildlife-technician-aquatics-utah/",2016-02-05,"Wildlife Technician (Aquatics): Utah","Utah Division of Wildlife","Temporary/Seasonal Positions","$10.99 to $14.03 - based on experience"
"85","http://wfscjobs.tamu.edu/jobs/wildlife-tech-ii-crew-leader-aquatics-utah/",2016-02-05,"Wildlife Tech II Crew Leader (Aquatics): Utah","Utah Division of Wildlife","Temporary/Seasonal Positions","$12.24 to $19.42 - based on experience"
"86","http://wfscjobs.tamu.edu/jobs/camp-and-interpretation-education-internship-utah/",2016-02-05,"Camp and Interpretation Education Internship: Utah","Tracy Aviary","Internships","$1,200 stipend"
"87","http://wfscjobs.tamu.edu/jobs/field-biologist-with-sea-turtle-conservation-ngo-costa-rica/",2016-02-04,"Field Biologist With Sea Turtle Conservation NGO: Costa Rica","The Leatherback Trust","Temporary/Seasonal Positions","Unpaid"
"88","http://wfscjobs.tamu.edu/jobs/field-crew-member-science-assistant-missouri/",2016-02-04,"Field Crew Member (Science Assistant): Missouri","Missouri Department of Conservation","Temporary/Seasonal Positions","9.86/hr"
"89","http://wfscjobs.tamu.edu/jobs/head-wrangler-wyoming/",2016-02-04,"Head Wrangler: Wyoming","Green River Outreach for Wilderness (GROW) Foundation","Temporary/Seasonal Positions","$280-$320 per week DOE, plus lodging, laundry, and meals."
"90","http://wfscjobs.tamu.edu/jobs/camp-cook-wyoming/",2016-02-04,"Camp Cook: Wyoming","Green River Outreach for Wilderness (GROW) Foundation","Temporary/Seasonal Positions","$300-350 a week DOE plus lodging and meals."
"91","http://wfscjobs.tamu.edu/jobs/camp-counseloractivity-leader-wyoming/",2016-02-04,"Camp Counselor/Activity Leader: Wyoming","Green River Outreach for Wilderness (GROW) Foundation","Temporary/Seasonal Positions","$280-$320 per week DOE, plus lodging, laundry, meals, and job training."
"92","http://wfscjobs.tamu.edu/jobs/wilderness-ranger-volunteerintern-2-openings-washington/",2016-02-04,"Wilderness Ranger Volunteer/Intern (2 openings): Washington","US Forest Service, Methow Valley Ranger District","Internships","$25/day Food Per Diem (Work days only)"
"93","http://wfscjobs.tamu.edu/jobs/americorps-member-ace-north-carolina-specialized-chainsaw-training/",2016-02-04,"AmeriCorps Member- ACE North Carolina (Specialized Chainsaw Training)","American Conservation Experience","Internships","Stipend, Education Award and Housing provided"
"94","http://wfscjobs.tamu.edu/jobs/broadreach-is-hiring-wilderness-instructors-spanish-speaking-skills-desired/",2016-02-03,"Broadreach is hiring Wilderness Instructors! (Spanish speaking skills desired)","Broadreach","Temporary/Seasonal Positions","DOE"
"95","http://wfscjobs.tamu.edu/jobs/bat-biologists-technicians-and-team-leaders/",2016-02-03,"Bat Biologists (Technicians and Team Leaders)","Apogee","Temporary/Seasonal Positions","Salary will be commensurate with position and experience."
"96","http://wfscjobs.tamu.edu/jobs/ohio-stream-restore-corps-americorps-program/",2016-02-03,"Ohio Stream Restore Corps AmeriCorps program","Rural Action","Internships","12,530 annually"
"97","http://wfscjobs.tamu.edu/jobs/vegetation-monitoring-field-lead-salmon-idaho/",2016-02-02,"Vegetation Monitoring Field Lead, Salmon, Idaho","The Great Basin Institute","Temporary/Seasonal Positions","$1,400 bi-weekly, $75/week housing stipend and $15/day field per diem"
"98","http://wfscjobs.tamu.edu/jobs/temporary-field-technicians-and-crew-leaders-colorado-kansas-and-oklahoma-2/",2016-02-02,"Temporary Field Technicians and Crew Leaders: Colorado, Kansas, and Oklahoma","Normandeau Associates, Inc","Temporary/Seasonal Positions","DOE"
"99","http://wfscjobs.tamu.edu/jobs/outdoor-education-instructor-texas/",2016-02-02,"Outdoor Education Instructor: Texas","The Outdoor School","Temporary/Seasonal Positions","$215/week"
"100","http://wfscjobs.tamu.edu/jobs/park-maintenance-north-dakota/",2016-02-02,"Park Maintenance: North Dakota","North Dakota Parks and Recreation","Temporary/Seasonal Positions","$14/hr - $15/hr"
"101","http://wfscjobs.tamu.edu/jobs/park-attendant-north-dakota/",2016-02-02,"Park Attendant: North Dakota","North Dakota Parks and Recreation","Temporary/Seasonal Positions","$14.25/hr - $15/hr"
"102","http://wfscjobs.tamu.edu/jobs/park-ranger-north-dakota/",2016-02-02,"Park Ranger: North Dakota","North Dakota Parks and Recreation","Temporary/Seasonal Positions","$14.75/hr - $16.00/hr"
"103","http://wfscjobs.tamu.edu/jobs/ecological-restoration-technician-summer-wisconsin/",2016-02-02,"Ecological Restoration Technician summer: Wisconsin","Dare Ecosystem Management, LLC","Temporary/Seasonal Positions","based on experience"
"104","http://wfscjobs.tamu.edu/jobs/primate-rehabilitationconservation-internships-in-panama-2/",2016-02-02,"Primate Rehabilitation/Conservation Internships in Panama","Alouatta Sanctuary at Batipa Field Institute","Internships","Interns are unpaid and will be responsible for providing their own airfare to David as well as $850/mo in fees to cover training, accommodation and food.  Support provided for internship/volunteer positions (travel, meals, lodging): Accommodations are comfortable but rustic located on the ocean within the Gulf of Chiriqui (electricity and internet are provided during part of the day). We are located roughly 45 min from David, Panama, a modern city with all the amenities (an international airport, hospitals, supermarkets, hardware stores, movie theatres, etc). The sanctuary's location also provides an excellent base to explore the best nature Panama has to offer (cloud forests, beaches, marine parks) during time off."
"105","http://wfscjobs.tamu.edu/jobs/reserve-manager-ecuador/",2016-02-02,"Reserve Manager – Ecuador","Life Net Nature","Temporary/Seasonal Positions","$300/month stipend"
