,listing_url,date_posted,job_title,agency,salary
248,http://wfscjobs.tamu.edu/jobs/bat-monitoring-technicians-grand-teton-national-park-wyoming/,3/10/2016,"Bat Monitoring Technicians: Grand Teton National Park, Wyoming",academic,paid
10,http://wfscjobs.tamu.edu/jobs/undergraduate-researcher-pronghorn-fawn-survival-west-texas/,3/29/2016,Undergraduate Researcher: Pronghorn Fawn Survival (West Texas),academic,paid
76,http://wfscjobs.tamu.edu/jobs/undergraduate-researcher-pronghorn-fawn-survival-west-texas/,3/29/2016,Undergraduate Researcher: Pronghorn Fawn Survival (West Texas),academic,paid
157,http://wfscjobs.tamu.edu/jobs/environmental-educator-georgia/,3/22/2016,Environmental Educator: Georgia,academic,paid
12,http://wfscjobs.tamu.edu/jobs/outdoor-education-paid-intern-fall-2016-wyoming/,3/29/2016,Outdoor Education (paid) Intern – Fall 2016: Wyoming,academic,paid
78,http://wfscjobs.tamu.edu/jobs/outdoor-education-paid-intern-fall-2016-wyoming/,3/29/2016,Outdoor Education (paid) Intern – Fall 2016: Wyoming,academic,paid
35,http://wfscjobs.tamu.edu/jobs/bat-telemetry-technician-south-carolina/,3/25/2016,Bat Telemetry Technician – South Carolina,academic,paid
101,http://wfscjobs.tamu.edu/jobs/bat-telemetry-technician-south-carolina/,3/25/2016,Bat Telemetry Technician – South Carolina,academic,paid
164,http://wfscjobs.tamu.edu/jobs/shrubland-birdvegetation-field-technicians-3-positions-illinois-2/,3/21/2016,Shrubland Bird/Vegetation Field Technicians (3 positions): Illinois,academic,paid
144,http://wfscjobs.tamu.edu/jobs/large-river-fisheries-technicians-illinois/,3/22/2016,Large River Fisheries Technicians: Illinois,academic,paid
216,http://wfscjobs.tamu.edu/jobs/herpetological-field-technician-illinois/,3/14/2016,Herpetological Field Technician: Illinois,academic,paid
254,http://wfscjobs.tamu.edu/jobs/field-technicians-illinois-2/,3/9/2016,Field Technicians: Illinois,academic,paid
140,http://wfscjobs.tamu.edu/jobs/lizard-field-technician-texas/,3/23/2016,Lizard Field Technician: Texas,academic,paid
181,http://wfscjobs.tamu.edu/jobs/conservation-ecology-hourly-worker-georgia/,3/21/2016,CONSERVATION ECOLOGY HOURLY WORKER: Georgia,academic,paid
185,http://wfscjobs.tamu.edu/jobs/wildlife-ecology-hourly-worker-white-tailed-deer-research-georgia/,3/21/2016,Wildlife Ecology Hourly Worker (White-tailed Deer Research): Georgia,academic,paid
258,http://wfscjobs.tamu.edu/jobs/forest-ecology-tower-technician-georgia/,3/9/2016,Forest Ecology Tower Technician: Georgia,academic,paid
271,http://wfscjobs.tamu.edu/jobs/forest-research-hourly-worker-georgia/,3/8/2016,Forest Research Hourly Worker: Georgia,academic,paid
4,http://wfscjobs.tamu.edu/jobs/seasonal-field-technician-positions-studying-pollinators-in-longleaf-pine-savanna-south-carolina/,3/29/2016,Seasonal Field Technician Positions Studying Pollinators in Longleaf Pine Savanna: South Carolina,academic,paid
70,http://wfscjobs.tamu.edu/jobs/seasonal-field-technician-positions-studying-pollinators-in-longleaf-pine-savanna-south-carolina/,3/29/2016,Seasonal Field Technician Positions Studying Pollinators in Longleaf Pine Savanna: South Carolina,academic,paid
154,http://wfscjobs.tamu.edu/jobs/nebraska-creel-clerk-2/,3/22/2016,Nebraska Creel Clerk,academic,paid
169,http://wfscjobs.tamu.edu/jobs/songbird-field-technician-new-york/,3/21/2016,Songbird Field Technician: New York,academic,paid
245,http://wfscjobs.tamu.edu/jobs/monitoring-soft-mast-production-in-the-ouachita-national-forest-arkansas/,3/10/2016,Monitoring Soft Mast Production in the Ouachita National Forest: Arkansas,academic,paid
255,http://wfscjobs.tamu.edu/jobs/seeking-field-technicians-in-college-station-texas/,3/9/2016,"Seeking field technicians in College Station, Texas",academic,paid
264,http://wfscjobs.tamu.edu/jobs/black-crowned-night-heron-field-technician-1-2-ohio-michigan/,3/9/2016,"Black-crowned Night-Heron Field Technician (1-2): Ohio, Michigan",academic,paid
275,http://wfscjobs.tamu.edu/jobs/avian-research-technician-arizona-tucson/,3/7/2016,Avian Research Technician: Arizona (Tucson),academic,paid
178,http://wfscjobs.tamu.edu/jobs/patch-burn-grazing-avian-research-technicians-kentucky-tennessee/,3/21/2016,"Patch-burn-grazing Avian Research Technicians: Kentucky, Tennessee",academic,paid
261,http://wfscjobs.tamu.edu/jobs/seasonal-field-technician-forest-ecology-missouri/,3/9/2016,Seasonal Field Technician: Forest Ecology – Missouri,academic,paid
20,http://wfscjobs.tamu.edu/jobs/vegetation-technicians-idaho/,3/28/2016,Vegetation Technicians: Idaho,academic,paid
86,http://wfscjobs.tamu.edu/jobs/vegetation-technicians-idaho/,3/28/2016,Vegetation Technicians: Idaho,academic,paid
61,http://wfscjobs.tamu.edu/jobs/spotted-owl-field-tech-ii-california/,3/24/2016,Spotted Owl Field Tech II: California,academic,paid
127,http://wfscjobs.tamu.edu/jobs/spotted-owl-field-tech-ii-california/,3/24/2016,Spotted Owl Field Tech II: California,academic,paid
265,http://wfscjobs.tamu.edu/jobs/field-technician-for-metapopulation-study-of-black-rails-and-virginia-rails-in-sierra-foothills-of-northern-california-from-16-may-14-august-2016/,3/9/2016,FIELD TECHNICIAN FOR METAPOPULATION STUDY OF BLACK RAILS AND VIRGINIA RAILS IN SIERRA FOOTHILLS OF NORTHERN CALIFORNIA from 16 May – 14 August 2016.,academic,paid
62,http://wfscjobs.tamu.edu/jobs/spotted-owl-field-technician-i-california/,3/24/2016,Spotted Owl Field Technician I: California,academic,paid
128,http://wfscjobs.tamu.edu/jobs/spotted-owl-field-technician-i-california/,3/24/2016,Spotted Owl Field Technician I: California,academic,paid
158,http://wfscjobs.tamu.edu/jobs/range-ecology-technician-idaho-2/,3/22/2016,Range Ecology Technician: Idaho,academic,paid
16,http://wfscjobs.tamu.edu/jobs/field-technicians-osprey-recovery-in-illinois/,3/28/2016,Field Technicians – Osprey Recovery in Illinois,academic,paid
17,http://wfscjobs.tamu.edu/jobs/field-technician-franklins-ground-squirrel-in-illinois/,3/28/2016,Field Technician – Franklin’s Ground Squirrel in Illinois,academic,paid
18,http://wfscjobs.tamu.edu/jobs/field-technician-bison-and-cowbirds-in-illinois/,3/28/2016,Field Technician – Bison and Cowbirds in Illinois,academic,paid
82,http://wfscjobs.tamu.edu/jobs/field-technicians-osprey-recovery-in-illinois/,3/28/2016,Field Technicians – Osprey Recovery in Illinois,academic,paid
83,http://wfscjobs.tamu.edu/jobs/field-technician-franklins-ground-squirrel-in-illinois/,3/28/2016,Field Technician – Franklin’s Ground Squirrel in Illinois,academic,paid
84,http://wfscjobs.tamu.edu/jobs/field-technician-bison-and-cowbirds-in-illinois/,3/28/2016,Field Technician – Bison and Cowbirds in Illinois,academic,paid
136,http://wfscjobs.tamu.edu/jobs/internship-illinois/,3/23/2016,Internship: Illinois,academic,paid
8,http://wfscjobs.tamu.edu/jobs/field-technicians-point-counts-habitat-surveys-massachusetts/,3/29/2016,Field Technicians: Point Counts/ Habitat Surveys – Massachusetts,academic,paid
74,http://wfscjobs.tamu.edu/jobs/field-technicians-point-counts-habitat-surveys-massachusetts/,3/29/2016,Field Technicians: Point Counts/ Habitat Surveys – Massachusetts,academic,paid
26,http://wfscjobs.tamu.edu/jobs/wild-turkey-research-technician-northeast-missouri/,3/28/2016,Wild Turkey Research Technician: Northeast Missouri,academic,paid
92,http://wfscjobs.tamu.edu/jobs/wild-turkey-research-technician-northeast-missouri/,3/28/2016,Wild Turkey Research Technician: Northeast Missouri,academic,paid
14,http://wfscjobs.tamu.edu/jobs/ecological-stream-flow-technician-missouri/,3/28/2016,Ecological Stream Flow Technician: Missouri,academic,paid
80,http://wfscjobs.tamu.edu/jobs/ecological-stream-flow-technician-missouri/,3/28/2016,Ecological Stream Flow Technician: Missouri,academic,paid
198,http://wfscjobs.tamu.edu/jobs/field-teachernaturalist-rhode-island-2/,3/16/2016,Field Teacher/Naturalist: Rhode Island,academic,paid
228,http://wfscjobs.tamu.edu/jobs/field-teachernaturalist-rhode-island/,3/11/2016,Field Teacher/Naturalist: Rhode Island,academic,paid
174,http://wfscjobs.tamu.edu/jobs/shorebird-research-eastern-shore-virginia/,3/21/2016,Shorebird Research Eastern Shore Virginia,academic,paid
256,http://wfscjobs.tamu.edu/jobs/piping-plover-post-hurricane-sandy-research-technician-new-york-2/,3/9/2016,PIPING PLOVER POST HURRICANE SANDY RESEARCH TECHNICIAN: New York,academic,paid
257,http://wfscjobs.tamu.edu/jobs/boat-captain-and-piping-plover-technican-new-york-2/,3/9/2016,BOAT CAPTAIN AND PIPING PLOVER TECHNICAN: New York,academic,paid
259,http://wfscjobs.tamu.edu/jobs/amphibian-and-edna-field-technician-great-basin-usa/,3/9/2016,"Amphibian and eDNA Field Technician: Great Basin, USA",academic,paid
172,http://wfscjobs.tamu.edu/jobs/field-assistant-needed-for-field-based-research-in-costa-rica-summer-2016/,3/21/2016,Field Assistant Needed for Field-Based Research in Costa Rica Summer 2016,academic,unpaid
170,http://wfscjobs.tamu.edu/jobs/volunteer-field-assistant-costa-rica/,3/21/2016,Volunteer Field Assistant: Costa Rica,academic,unpaid
187,http://wfscjobs.tamu.edu/jobs/researchers-teachers-in-the-tropics-belize/,3/21/2016,Researchers & Teachers in the Tropics: Belize,academic,unpaid
143,http://wfscjobs.tamu.edu/jobs/biological-technicians-easter-island/,3/23/2016,Biological Technicians: Easter Island,academic,unpaid
225,http://wfscjobs.tamu.edu/jobs/field-assistant-lomas-barbudal-capuchin-monkey-project-costa-rica/,3/14/2016,"Field assistant Lomas Barbudal Capuchin Monkey Project, Costa Rica",academic,unpaid
230,http://wfscjobs.tamu.edu/jobs/arctic-fish-ecology-field-intern-alaska/,3/11/2016,Arctic Fish Ecology Field Intern: Alaska,academic,unpaid
19,http://wfscjobs.tamu.edu/jobs/project-manager-kenya/,3/28/2016,Project Manager: Kenya,academic,unpaid
85,http://wfscjobs.tamu.edu/jobs/project-manager-kenya/,3/28/2016,Project Manager: Kenya,academic,unpaid
46,http://wfscjobs.tamu.edu/jobs/california-field-technician/,3/24/2016,California Field Technician,academic,unpaid
112,http://wfscjobs.tamu.edu/jobs/california-field-technician/,3/24/2016,California Field Technician,academic,unpaid
221,http://wfscjobs.tamu.edu/jobs/white-tailed-deer-fawn-capture-technician-3-delaware/,3/14/2016,White-tailed Deer Fawn Capture Technician (3): Delaware,academic,unpaid
134,http://wfscjobs.tamu.edu/jobs/wetland-botanist-wyoming-2/,3/23/2016,Wetland Botanist: Wyoming,gov,paid
282,http://wfscjobs.tamu.edu/jobs/regional-trails-crew-new-york/,3/7/2016,Regional Trails Crew: New York,gov,paid
1,http://wfscjobs.tamu.edu/jobs/americorps-member-ace-utah-2/,3/29/2016,AmeriCorps Member-ACE Utah,gov,paid
9,http://wfscjobs.tamu.edu/jobs/conservation-corps-member-ace-southeast-north-carolina/,3/29/2016,Conservation Corps Member- ACE Southeast: North Carolina,gov,paid
11,http://wfscjobs.tamu.edu/jobs/conservation-corps-member-ace-southwest-arizona/,3/29/2016,Conservation Corps Member- ACE Southwest: Arizona,gov,paid
54,http://wfscjobs.tamu.edu/jobs/americorps-member-ace-southeast-north-carolina-2/,3/24/2016,AmeriCorps Member- ACE Southeast: North Carolina,gov,paid
67,http://wfscjobs.tamu.edu/jobs/americorps-member-ace-utah-2/,3/29/2016,AmeriCorps Member-ACE Utah,gov,paid
75,http://wfscjobs.tamu.edu/jobs/conservation-corps-member-ace-southeast-north-carolina/,3/29/2016,Conservation Corps Member- ACE Southeast: North Carolina,gov,paid
77,http://wfscjobs.tamu.edu/jobs/conservation-corps-member-ace-southwest-arizona/,3/29/2016,Conservation Corps Member- ACE Southwest: Arizona,gov,paid
120,http://wfscjobs.tamu.edu/jobs/americorps-member-ace-southeast-north-carolina-2/,3/24/2016,AmeriCorps Member- ACE Southeast: North Carolina,gov,paid
195,http://wfscjobs.tamu.edu/jobs/americorps-member-ace-arizona-specialized-chainsaw-training/,3/21/2016,AmeriCorps Member- ACE Arizona (Specialized Chainsaw Training),gov,paid
279,http://wfscjobs.tamu.edu/jobs/americorps-restoration-member-ace-southeast-specialized-chainsaw-training-north-carolina/,3/7/2016,AmeriCorps Restoration Member- ACE Southeast (Specialized Chainsaw Training): North Carolina,gov,paid
280,http://wfscjobs.tamu.edu/jobs/americorps-member-ace-southeast-north-carolina/,3/7/2016,AmeriCorps Member- ACE Southeast: North Carolina,gov,paid
214,http://wfscjobs.tamu.edu/jobs/nps-arizona-grand-canyon-national-park-vegetation-support-and-community-outreach-internship/,3/14/2016,NPS Arizona: Grand Canyon National Park Vegetation Support and Community Outreach Internship,gov,paid
217,http://wfscjobs.tamu.edu/jobs/nps-se-epmt-natural-resource-management-internship-north-carolina/,3/14/2016,NPS SE-EPMT Natural Resource Management Internship: North Carolina,gov,paid
199,http://wfscjobs.tamu.edu/jobs/usfws-oklahoma-biological-technician-internship-deep-fork-nwr/,3/16/2016,USFWS Oklahoma: Biological Technician Internship – Deep Fork NWR,gov,paid
65,http://wfscjobs.tamu.edu/jobs/scientific-aide-california-2/,3/24/2016,Scientific Aide: California,gov,paid
131,http://wfscjobs.tamu.edu/jobs/scientific-aide-california-2/,3/24/2016,Scientific Aide: California,gov,paid
177,http://wfscjobs.tamu.edu/jobs/vegetation-technician-california/,3/21/2016,Vegetation Technician: California,gov,paid
215,http://wfscjobs.tamu.edu/jobs/field-instructor-intern-cuyahoga-valley-national-park/,3/14/2016,Field Instructor Intern: Cuyahoga Valley National Park,gov,paid
220,http://wfscjobs.tamu.edu/jobs/summer-camp-counselor-cuyahoga-valley-environmental-education-center-cuyahoga-valley-national-park/,3/14/2016,"Summer Camp Counselor: Cuyahoga Valley Environmental Education Center, Cuyahoga Valley National Park",gov,paid
135,http://wfscjobs.tamu.edu/jobs/field-crew-member-minnesota-iowa/,3/23/2016,"Field Crew Member: Minnesota, Iowa",gov,paid
211,http://wfscjobs.tamu.edu/jobs/research-assistant-for-bat-projects-delaware/,3/15/2016,Research Assistant for Bat Projects: Delaware,gov,paid
212,http://wfscjobs.tamu.edu/jobs/research-assistant-for-amphibian-and-reptile-projects-delaware/,3/15/2016,Research Assistant for Amphibian and Reptile Projects: Delaware,gov,paid
213,http://wfscjobs.tamu.edu/jobs/summer-day-camp-director-delaware/,3/15/2016,Summer Day Camp Director: Delaware,gov,paid
253,http://wfscjobs.tamu.edu/jobs/seasonal-park-naturalist-interpreter-missouri-2/,3/9/2016,"Seasonal Park Naturalist, Interpreter: Missouri",gov,paid
56,http://wfscjobs.tamu.edu/jobs/americorps-natural-resource-management-member-georgia/,3/24/2016,AmeriCorps Natural Resource Management Member: Georgia,gov,paid
57,http://wfscjobs.tamu.edu/jobs/americorps-park-programming-member-georgia/,3/24/2016,AmeriCorps Interpreter/Naturalist Member: Georgia,gov,paid
122,http://wfscjobs.tamu.edu/jobs/americorps-natural-resource-management-member-georgia/,3/24/2016,AmeriCorps Natural Resource Management Member: Georgia,gov,paid
123,http://wfscjobs.tamu.edu/jobs/americorps-park-programming-member-georgia/,3/24/2016,AmeriCorps Interpreter/Naturalist Member: Georgia,gov,paid
31,http://wfscjobs.tamu.edu/jobs/biological-technicianfield-assistant-minnesota/,3/25/2016,BIOLOGICAL TECHNICIAN/FIELD ASSISTANT: Minnesota,gov,paid
97,http://wfscjobs.tamu.edu/jobs/biological-technicianfield-assistant-minnesota/,3/25/2016,BIOLOGICAL TECHNICIAN/FIELD ASSISTANT: Minnesota,gov,paid
249,http://wfscjobs.tamu.edu/jobs/bayou-greenways-conservation-and-maintenance-summer-intern-texas/,3/10/2016,Bayou Greenways Conservation and Maintenance Summer Intern: Texas,gov,paid
133,http://wfscjobs.tamu.edu/jobs/biological-aide-idaho/,3/24/2016,Biological Aide: Idaho,gov,paid
272,http://wfscjobs.tamu.edu/jobs/field-botanist-idaho/,3/8/2016,Field Botanist: Idaho,gov,paid
193,http://wfscjobs.tamu.edu/jobs/black-bear-hair-trap-technician-lousiana/,3/21/2016,Black Bear Hair Trap Technician: Lousiana,gov,paid
277,http://wfscjobs.tamu.edu/jobs/avian-technicians-2-minnesota/,3/7/2016,Avian Technicians (2): Minnesota,gov,paid
289,http://wfscjobs.tamu.edu/jobs/temperary-natural-resource-steward-intern-pershing-state-park-missouri/,3/4/2016,"Temperary Natural Resource Steward/ Intern, Pershing State Park: Missouri",gov,paid
294,http://wfscjobs.tamu.edu/jobs/natural-resource-stewardship-crew-leader-missouri/,3/2/2016,Natural Resource Stewardship Crew Leader: Missouri,gov,paid
161,http://wfscjobs.tamu.edu/jobs/conservation-technician-montana/,3/21/2016,Conservation Technician: Montana,gov,paid
55,http://wfscjobs.tamu.edu/jobs/wma-maintenance-worker-3-montana/,3/24/2016,WMA Maintenance Worker 3: Montana,gov,paid
121,http://wfscjobs.tamu.edu/jobs/wma-maintenance-worker-3-montana/,3/24/2016,WMA Maintenance Worker 3: Montana,gov,paid
47,http://wfscjobs.tamu.edu/jobs/wildlife-conservation-technician-north-carolina-birding-trail/,3/24/2016,Wildlife Conservation Technician – North Carolina Birding Trail,gov,paid
53,http://wfscjobs.tamu.edu/jobs/wildlife-conservation-technician-north-carolina/,3/24/2016,Wildlife Conservation Technician: North Carolina,gov,paid
113,http://wfscjobs.tamu.edu/jobs/wildlife-conservation-technician-north-carolina-birding-trail/,3/24/2016,Wildlife Conservation Technician – North Carolina Birding Trail,gov,paid
119,http://wfscjobs.tamu.edu/jobs/wildlife-conservation-technician-north-carolina/,3/24/2016,Wildlife Conservation Technician: North Carolina,gov,paid
189,http://wfscjobs.tamu.edu/jobs/conservation-aid-i-ii-and-iii-predator-technician-nevada/,3/21/2016,"Conservation Aid I, II, and III (Predator Technician): Nevada",gov,paid
208,http://wfscjobs.tamu.edu/jobs/seasonal-park-technician-emnrd10108322-new-mexico/,3/15/2016,Seasonal Park Technician (EMNRD#10108322+): New Mexico,gov,paid
205,http://wfscjobs.tamu.edu/jobs/assistant-environmental-educator-new-york/,3/16/2016,Assistant Environmental Educator: New York,gov,paid
162,http://wfscjobs.tamu.edu/jobs/northern-gulf-of-mexico-sentinel-site-cooperative-intern-alabama/,3/21/2016,Northern Gulf of Mexico Sentinel Site Cooperative Intern: Alabama,gov,paid
251,http://wfscjobs.tamu.edu/jobs/bat-research-technician-nrs-ohio/,3/10/2016,Bat Research Technician (NRS): Ohio,gov,paid
43,http://wfscjobs.tamu.edu/jobs/coastal-restoration-and-disaster-response-crew-leader-texas/,3/24/2016,Coastal Restoration and Disaster Response Crew Leader: Texas,gov,paid
44,http://wfscjobs.tamu.edu/jobs/coastal-restoration-and-disaster-response-crew-member-texas/,3/24/2016,Coastal Restoration and Disaster Response Crew Member: Texas,gov,paid
109,http://wfscjobs.tamu.edu/jobs/coastal-restoration-and-disaster-response-crew-leader-texas/,3/24/2016,Coastal Restoration and Disaster Response Crew Leader: Texas,gov,paid
110,http://wfscjobs.tamu.edu/jobs/coastal-restoration-and-disaster-response-crew-member-texas/,3/24/2016,Coastal Restoration and Disaster Response Crew Member: Texas,gov,paid
295,http://wfscjobs.tamu.edu/jobs/assistant-environmental-educator-7-positions-new-york/,3/2/2016,Assistant Environmental Educator–7 positions: New York,gov,paid
202,http://wfscjobs.tamu.edu/jobs/golden-winged-warbler-survey-crew-member-2-positions-new-york/,3/16/2016,Golden-winged Warbler Survey Crew Member (2 Positions): New York,gov,paid
201,http://wfscjobs.tamu.edu/jobs/pathways-student-trainee-missouri/,3/16/2016,Pathways Student Trainee: Missouri,gov,paid
229,http://wfscjobs.tamu.edu/jobs/visitor-services-volunteer-internship-ohio/,3/11/2016,Visitor Services Volunteer Internship: Ohio,gov,paid
137,http://wfscjobs.tamu.edu/jobs/environmental-education-visitor-services-intern-ohio/,3/23/2016,Environmental Education & Visitor Services Intern: Ohio,gov,paid
147,http://wfscjobs.tamu.edu/jobs/field-assistant-position-waterbird-study-in-northern-alaska/,3/22/2016,"Field Assistant Position, Waterbird Study in Northern Alaska",gov,paid
266,http://wfscjobs.tamu.edu/jobs/ecological-research-intern-yosemite-national-park/,3/8/2016,Ecological Research Intern: Yosemite National Park,gov,paid
290,http://wfscjobs.tamu.edu/jobs/biological-technicians-north-dakota-and-nebraska/,3/4/2016,Biological Technicians: North Dakota and Nebraska,gov,paid
27,http://wfscjobs.tamu.edu/jobs/wildlife-technician-aquatics-utah-2/,3/28/2016,Wildlife Technician (Aquatics): Utah,gov,paid
93,http://wfscjobs.tamu.edu/jobs/wildlife-technician-aquatics-utah-2/,3/28/2016,Wildlife Technician (Aquatics): Utah,gov,paid
222,http://wfscjobs.tamu.edu/jobs/summer-limnology-fieldlab-technician-alaska/,3/14/2016,Summer Limnology Field/Lab Technician (Alaska),gov,paid
292,http://wfscjobs.tamu.edu/jobs/research-technician-utah/,3/4/2016,Research technician: Utah,gov,paid
2,http://wfscjobs.tamu.edu/jobs/elk-habitat-technician-montana/,3/29/2016,Elk Habitat Technician: Montana,gov,unclear
68,http://wfscjobs.tamu.edu/jobs/elk-habitat-technician-montana/,3/29/2016,Elk Habitat Technician: Montana,gov,unclear
224,http://wfscjobs.tamu.edu/jobs/wolf-monitoring-volunteers-montana/,3/14/2016,Wolf Monitoring Volunteers: Montana,gov,unpaid
232,http://wfscjobs.tamu.edu/jobs/field-technicians-for-prairie-dog-and-plague-research-montana-south-dakota-and-utah/,3/11/2016,"FIELD TECHNICIANS FOR PRAIRIE DOG AND PLAGUE RESEARCH: MONTANA, SOUTH DAKOTA AND UTAH",gov,unpaid
25,http://wfscjobs.tamu.edu/jobs/biological-science-wildlife-intern-utah/,3/28/2016,Biological Science (Wildlife) Intern: Utah,gov,unpaid
91,http://wfscjobs.tamu.edu/jobs/biological-science-wildlife-intern-utah/,3/28/2016,Biological Science (Wildlife) Intern: Utah,gov,unpaid
252,http://wfscjobs.tamu.edu/jobs/diverse-wildlife-internships-usfws-2-volunteers-arkansas/,3/9/2016,Diverse Wildlife Internships USFWS (2 – Volunteers): Arkansas,gov,unpaid
165,http://wfscjobs.tamu.edu/jobs/avian-field-technician-new-york/,3/21/2016,Avian Field Technician: New York,nonprofit,paid
246,http://wfscjobs.tamu.edu/jobs/naturalist-minnesota/,3/10/2016,Naturalist: Minnesota,nonprofit,paid
274,http://wfscjobs.tamu.edu/jobs/navarre-beach-steward-florida/,3/7/2016,Navarre Beach Steward: Florida,nonprofit,paid
218,http://wfscjobs.tamu.edu/jobs/natural-resource-assistant-project-lead-wisconsin/,3/14/2016,Natural Resource Assistant Project Lead: Wisconsin,nonprofit,paid
219,http://wfscjobs.tamu.edu/jobs/natural-resource-technician-wisconsin/,3/14/2016,Natural Resource Technician: Wisconsin,nonprofit,paid
179,http://wfscjobs.tamu.edu/jobs/wetland-conservation-and-wildlife-ecology-internship-washington/,3/21/2016,Wetland Conservation and Wildlife Ecology Internship: Washington,nonprofit,paid
226,http://wfscjobs.tamu.edu/jobs/natural-areas-internship-kentucky/,3/11/2016,Natural Areas Internship: Kentucky,nonprofit,paid
268,http://wfscjobs.tamu.edu/jobs/bat-field-technician-maine/,3/8/2016,Bat Field Technician: Maine,nonprofit,paid
159,http://wfscjobs.tamu.edu/jobs/northern-goshawk-field-interns-2-arizona/,3/22/2016,Northern Goshawk Field Interns (2): Arizona,nonprofit,paid
160,http://wfscjobs.tamu.edu/jobs/northern-goshawk-field-technician-arizona/,3/21/2016,Northern Goshawk Field Technician: Arizona,nonprofit,paid
210,http://wfscjobs.tamu.edu/jobs/environmental-educator-alabama/,3/15/2016,Environmental Educator: Alabama,nonprofit,paid
186,http://wfscjobs.tamu.edu/jobs/environmental-education-intern-south-carolina-2/,3/21/2016,Environmental Education Intern: South Carolina,nonprofit,paid
233,http://wfscjobs.tamu.edu/jobs/environmental-education-assistant-americorps-utah/,3/10/2016,Environmental Education Assistant (AmeriCorps): Utah,nonprofit,paid
3,http://wfscjobs.tamu.edu/jobs/pronghorn-volunteers-stipend-based-california/,3/29/2016,Pronghorn Volunteers (stipend based): California,nonprofit,paid
69,http://wfscjobs.tamu.edu/jobs/pronghorn-volunteers-stipend-based-california/,3/29/2016,Pronghorn Volunteers (stipend based): California,nonprofit,paid
152,http://wfscjobs.tamu.edu/jobs/avian-point-count-technician-idaho-2/,3/22/2016,Avian Point Count Technician: Idaho,nonprofit,paid
166,http://wfscjobs.tamu.edu/jobs/wildlife-ecology-hourly-worker-core-georgia/,3/21/2016,Wildlife Ecology Hourly Worker (core): Georgia,nonprofit,paid
204,http://wfscjobs.tamu.edu/jobs/field-technician-for-avian-point-count-surveys-oregon-california/,3/16/2016,"FIELD TECHNICIAN for avian point count surveys: Oregon, California",nonprofit,paid
262,http://wfscjobs.tamu.edu/jobs/coastal-waterbird-education-specialist-massachusetts/,3/9/2016,Coastal Waterbird Education Specialist: Massachusetts,nonprofit,paid
40,http://wfscjobs.tamu.edu/jobs/sage-grouse-study-field-techs-and-leads-idaho-nevada/,3/24/2016,"Sage Grouse Study – Field Techs and Leads: Idaho, Nevada",nonprofit,paid
42,http://wfscjobs.tamu.edu/jobs/soil-and-vegetation-field-techs-and-leads-needed-asap-idaho-nevada/,3/24/2016,"SOIL and Vegetation Field Techs and Leads needed ASAP: Idaho, Nevada",nonprofit,paid
106,http://wfscjobs.tamu.edu/jobs/sage-grouse-study-field-techs-and-leads-idaho-nevada/,3/24/2016,"Sage Grouse Study – Field Techs and Leads: Idaho, Nevada",nonprofit,paid
108,http://wfscjobs.tamu.edu/jobs/soil-and-vegetation-field-techs-and-leads-needed-asap-idaho-nevada/,3/24/2016,"SOIL and Vegetation Field Techs and Leads needed ASAP: Idaho, Nevada",nonprofit,paid
24,http://wfscjobs.tamu.edu/jobs/seabird-island-supervisor-maine/,3/28/2016,Seabird Island Supervisor: Maine,nonprofit,paid
90,http://wfscjobs.tamu.edu/jobs/seabird-island-supervisor-maine/,3/28/2016,Seabird Island Supervisor: Maine,nonprofit,paid
146,http://wfscjobs.tamu.edu/jobs/marine-education-intern-washington/,3/22/2016,Marine Education Intern: Washington,nonprofit,paid
197,http://wfscjobs.tamu.edu/jobs/hospitality-specialist-alaska/,3/16/2016,Hospitality Specialist: Alaska,nonprofit,paid
33,http://wfscjobs.tamu.edu/jobs/study-abroad-instructor-patagonia-chile/,3/25/2016,"Study Abroad Instructor, Patagonia (Chile)",nonprofit,paid
34,http://wfscjobs.tamu.edu/jobs/study-abroad-instructor-costa-rica/,3/25/2016,"Study Abroad Instructor, Costa Rica",nonprofit,paid
99,http://wfscjobs.tamu.edu/jobs/study-abroad-instructor-patagonia-chile/,3/25/2016,"Study Abroad Instructor, Patagonia (Chile)",nonprofit,paid
100,http://wfscjobs.tamu.edu/jobs/study-abroad-instructor-costa-rica/,3/25/2016,"Study Abroad Instructor, Costa Rica",nonprofit,paid
45,http://wfscjobs.tamu.edu/jobs/sea-turtle-internships-on-sanibel-nighttime-tagging-project-2-positions-available-florida/,3/24/2016,Sea Turtle Internships on Sanibel – Nighttime tagging project (2 positions available): Florida,nonprofit,paid
111,http://wfscjobs.tamu.edu/jobs/sea-turtle-internships-on-sanibel-nighttime-tagging-project-2-positions-available-florida/,3/24/2016,Sea Turtle Internships on Sanibel – Nighttime tagging project (2 positions available): Florida,nonprofit,paid
155,http://wfscjobs.tamu.edu/jobs/natural-resource-social-science-intern-california/,3/22/2016,Natural Resource Social Science Intern: California,nonprofit,paid
22,http://wfscjobs.tamu.edu/jobs/point-count-technician-1-new-hampshire/,3/28/2016,Point Count Technician (1) – New Hampshire,nonprofit,paid
88,http://wfscjobs.tamu.edu/jobs/point-count-technician-1-new-hampshire/,3/28/2016,Point Count Technician (1) – New Hampshire,nonprofit,paid
247,http://wfscjobs.tamu.edu/jobs/vegetation-monitoring-internship-oregon/,3/10/2016,VEGETATION MONITORING INTERNSHIP: Oregon,nonprofit,paid
291,http://wfscjobs.tamu.edu/jobs/americorp-summer-youth-outreach-specialist-oregon-coast/,3/4/2016,AmeriCorp Summer Youth Outreach Specialist:  Oregon Coast,nonprofit,paid
273,http://wfscjobs.tamu.edu/jobs/coastal-steward-new-york/,3/8/2016,Coastal steward: New York,nonprofit,paid
287,http://wfscjobs.tamu.edu/jobs/lead-bander-arizona-california/,3/4/2016,"Lead Bander: Arizona, California",nonprofit,paid
270,http://wfscjobs.tamu.edu/jobs/camp-counselors-group-leaders-new-jersey/,3/8/2016,Camp Counselors & Group Leaders: New Jersey,nonprofit,paid
156,http://wfscjobs.tamu.edu/jobs/field-biologist-minnesota/,3/22/2016,Field Biologist: Minnesota,nonprofit,paid
66,http://wfscjobs.tamu.edu/jobs/range-technician-wyoming/,3/24/2016,Range Technician: Wyoming,nonprofit,paid
132,http://wfscjobs.tamu.edu/jobs/range-technician-wyoming/,3/24/2016,Range Technician: Wyoming,nonprofit,paid
41,http://wfscjobs.tamu.edu/jobs/national-crew-leader/,3/24/2016,National Crew Leader,nonprofit,paid
49,http://wfscjobs.tamu.edu/jobs/milwaukee-community-crew-leader-wisconsin/,3/24/2016,Milwaukee Community Crew Leader: Wisconsin,nonprofit,paid
50,http://wfscjobs.tamu.edu/jobs/sca-dc-summer-conservation-crew-leader/,3/24/2016,SCA DC Summer Conservation Crew Leader,nonprofit,paid
51,http://wfscjobs.tamu.edu/jobs/commuity-crew-leader-new-jersey-nyc/,3/24/2016,Commuity Crew Leader – New Jersey & NYC,nonprofit,paid
52,http://wfscjobs.tamu.edu/jobs/sca-pittsburgh-community-crew-leader-pennsylvania/,3/24/2016,SCA Pittsburgh Community Crew Leader: Pennsylvania,nonprofit,paid
63,http://wfscjobs.tamu.edu/jobs/chicago-community-crew-leader/,3/24/2016,Chicago Community Crew Leader,nonprofit,paid
107,http://wfscjobs.tamu.edu/jobs/national-crew-leader/,3/24/2016,National Crew Leader,nonprofit,paid
115,http://wfscjobs.tamu.edu/jobs/milwaukee-community-crew-leader-wisconsin/,3/24/2016,Milwaukee Community Crew Leader: Wisconsin,nonprofit,paid
116,http://wfscjobs.tamu.edu/jobs/sca-dc-summer-conservation-crew-leader/,3/24/2016,SCA DC Summer Conservation Crew Leader,nonprofit,paid
117,http://wfscjobs.tamu.edu/jobs/commuity-crew-leader-new-jersey-nyc/,3/24/2016,Commuity Crew Leader – New Jersey & NYC,nonprofit,paid
129,http://wfscjobs.tamu.edu/jobs/chicago-community-crew-leader/,3/24/2016,Chicago Community Crew Leader,nonprofit,paid
196,http://wfscjobs.tamu.edu/jobs/george-washington-birthplace-national-monument-ycc-leader-virginia/,3/21/2016,George Washington Birthplace National Monument YCC Leader: Virginia,nonprofit,paid
200,http://wfscjobs.tamu.edu/jobs/baltimore-community-crew-leader-maryland/,3/16/2016,Baltimore Community Crew Leader: Maryland,nonprofit,paid
269,http://wfscjobs.tamu.edu/jobs/shorebird-technician-marthas-vineyard-massachusetts-1-opening/,3/8/2016,"Shorebird Technician, Martha’s Vineyard, Massachusetts (1 opening)",nonprofit,paid
281,http://wfscjobs.tamu.edu/jobs/wildlife-policy-intern-maryland/,3/7/2016,Wildlife Policy Intern: Maryland,nonprofit,paid
206,http://wfscjobs.tamu.edu/jobs/summerfall-garden-internship-utah/,3/16/2016,Summer/Fall Garden Internship: Utah,nonprofit,paid
207,http://wfscjobs.tamu.edu/jobs/summerfall-program-instructor-internship-utah/,3/16/2016,Summer/Fall Program Instructor Internship: Utah,nonprofit,paid
227,http://wfscjobs.tamu.edu/jobs/field-biologistecologist-intern-california/,3/11/2016,Field Biologist/Ecologist Intern: California,nonprofit,paid
37,http://wfscjobs.tamu.edu/jobs/field-project-coordinator-for-wildlife-study-in-boulder-county-colorado-2/,3/25/2016,"Field Project Coordinator for wildlife study in Boulder County, Colorado",nonprofit,paid
38,http://wfscjobs.tamu.edu/jobs/field-project-coordinator-for-wildlife-study-in-boulder-county-colorado/,3/25/2016,"Field Project Coordinator for wildlife study in Boulder County, Colorado",nonprofit,paid
103,http://wfscjobs.tamu.edu/jobs/field-project-coordinator-for-wildlife-study-in-boulder-county-colorado-2/,3/25/2016,"Field Project Coordinator for wildlife study in Boulder County, Colorado",nonprofit,paid
104,http://wfscjobs.tamu.edu/jobs/field-project-coordinator-for-wildlife-study-in-boulder-county-colorado/,3/25/2016,"Field Project Coordinator for wildlife study in Boulder County, Colorado",nonprofit,paid
191,http://wfscjobs.tamu.edu/jobs/avian-point-count-technician-and-atlas-technicians-wisconsin/,3/21/2016,Avian Point Count Technician and Atlas Technicians: Wisconsin,nonprofit,paid
250,http://wfscjobs.tamu.edu/jobs/avian-technicians-iowa-illinois-michigan-south-dakota/,3/10/2016,"Avian Technicians: Iowa, Illinois, Michigan, South Dakota",nonprofit,paid
118,http://wfscjobs.tamu.edu/jobs/sca-pittsburgh-community-crew-leader-pennsylvania/,3/24/2016,SCA Pittsburgh Community Crew Leader: Pennsylvania,nonprofit,paid
173,http://wfscjobs.tamu.edu/jobs/machinery-operator-for-summer-wheat-harvest-run-kansas/,3/21/2016,Machinery operator for summer wheat harvest run: Kansas,nonprofit,paid
190,http://wfscjobs.tamu.edu/jobs/primate-rehabilitationconservation-internships-in-panama-3/,3/21/2016,PRIMATE REHABILITATION/CONSERVATION INTERNSHIPS IN PANAMA,nonprofit,pay_to_work
234,http://wfscjobs.tamu.edu/jobs/kevin-richardson-lion-whisperer-wildlife-sanctuary-v-south-africa-2/,3/10/2016,Kevin Richardson “lion whisperer” Wildlife Sanctuary – South Africa,nonprofit,pay_to_work
235,http://wfscjobs.tamu.edu/jobs/wildlifeconservation-learning-experience-bush-experience-near-kruger-national-park-south-africa-5/,3/10/2016,Wildlife/Conservation learning experience / bush experience – Near KRUGER NATIONAL PARK SOUTH AFRICA,nonprofit,pay_to_work
236,http://wfscjobs.tamu.edu/jobs/kevin-richardson-lion-whisperer-wildlife-sanctuary-south-africa/,3/10/2016,Kevin Richardson “lion whisperer” Wildlife Sanctuary South Africa,nonprofit,pay_to_work
237,http://wfscjobs.tamu.edu/jobs/wildlife-rehabilitation-centre-south-africa-3/,3/10/2016,Wildlife Rehabilitation Centre South Africa,nonprofit,pay_to_work
238,http://wfscjobs.tamu.edu/jobs/wildlifeconservation-researchdissertation-program-8-weeks-south-africa-2/,3/10/2016,Wildlife/Conservation Research/Dissertation Program (8 weeks) South Africa,nonprofit,pay_to_work
239,http://wfscjobs.tamu.edu/jobs/group-volunteeringintern-wildlife-programs-south-africa-3/,3/10/2016,GROUP VOLUNTEERING/INTERN WILDLIFE PROGRAMS SOUTH AFRICA,nonprofit,pay_to_work
240,http://wfscjobs.tamu.edu/jobs/endangered-species-centre-21-day-program-conservation-participation-and-sightseeing-south-africa-4/,3/10/2016,"Endangered Species Centre – 21 day program (Conservation, participation and sightseeing) South Africa",nonprofit,pay_to_work
241,http://wfscjobs.tamu.edu/jobs/research-south-africa-ecological-impact-elephants-have-over-vegetation-8-weeks-2/,3/10/2016,Research South Africa; Ecological impact elephants have over vegetation (8 weeks),nonprofit,pay_to_work
242,http://wfscjobs.tamu.edu/jobs/elephant-monkey-cheetah-program-south-africa-6/,3/10/2016,"Elephant, monkey, Cheetah program – South Africa",nonprofit,pay_to_work
243,http://wfscjobs.tamu.edu/jobs/wildlifeconservation-learning-experience-bush-experience-near-kruger-national-park-south-africa-4/,3/10/2016,Wildlife/Conservation learning experience / bush experience – Near KRUGER NATIONAL PARK SOUTH AFRICA,nonprofit,pay_to_work
293,http://wfscjobs.tamu.edu/jobs/harbor-community-academic-internship-california/,3/4/2016,Harbor Community Academic Internship: California,nonprofit,pay_to_work
203,http://wfscjobs.tamu.edu/jobs/alexander-dickey-conservation-internship-vermont/,3/16/2016,Alexander Dickey Conservation Internship: Vermont,nonprofit,paid
188,http://wfscjobs.tamu.edu/jobs/new-seasonal-positions-american-prairie-reserve-montana/,3/21/2016,New Seasonal Positions! American Prairie Reserve – Montana,nonprofit,unclear
176,http://wfscjobs.tamu.edu/jobs/avian-point-count-technician-missouri/,3/21/2016,Avian Point Count Technician: Missouri,nonprofit,unclear
284,http://wfscjobs.tamu.edu/jobs/lead-bat-biologist-fixed-term/,3/7/2016,Lead Bat Biologist – Fixed Term,nonprofit,unclear
285,http://wfscjobs.tamu.edu/jobs/bat-technician-fixed-term/,3/7/2016,Bat Technician – Fixed Term,nonprofit,unclear
286,http://wfscjobs.tamu.edu/jobs/wetland-delineator/,3/7/2016,Wetland Delineator,nonprofit,unclear
39,http://wfscjobs.tamu.edu/jobs/itam-lram-environmental-intern-itam-lram-ei-2016-173-new-york/,3/24/2016,ITAM LRAM Environmental Intern / ITAM LRAM EI 2016 – 173: New York,nonprofit,unclear
105,http://wfscjobs.tamu.edu/jobs/itam-lram-environmental-intern-itam-lram-ei-2016-173-new-york/,3/24/2016,ITAM LRAM Environmental Intern / ITAM LRAM EI 2016 – 173: New York,nonprofit,unclear
278,http://wfscjobs.tamu.edu/jobs/field-assistant-british-virgin-islands/,3/7/2016,field assistant: British Virgin Islands,nonprofit,unpaid
283,http://wfscjobs.tamu.edu/jobs/training-in-wildlife-handling-chemical-immobilization-in-hamilton-montana/,3/7/2016,"TRAINING IN WILDLIFE HANDLING & CHEMICAL IMMOBILIZATION in Hamilton, Montana",nonprofit,unpaid
36,http://wfscjobs.tamu.edu/jobs/common-tern-colony-technician-connecticut-new-york/,3/25/2016,"Common Tern Colony technician: Connecticut, New York",nonprofit,unpaid
102,http://wfscjobs.tamu.edu/jobs/common-tern-colony-technician-connecticut-new-york/,3/25/2016,"Common Tern Colony technician: Connecticut, New York",nonprofit,unpaid
168,http://wfscjobs.tamu.edu/jobs/wildlife-research-intern-south-africa/,3/21/2016,Wildlife Research Intern: South Africa,nonprofit,unpaid
29,http://wfscjobs.tamu.edu/jobs/volunteer-alaska/,3/28/2016,Volunteer Seabird Research Assistant: Alaska,nonprofit,unpaid
95,http://wfscjobs.tamu.edu/jobs/volunteer-alaska/,3/28/2016,Volunteer Seabird Research Assistant: Alaska,nonprofit,unpaid
182,http://wfscjobs.tamu.edu/jobs/wildlife-rehabilitation-centre-south-africa-4/,3/21/2016,Wildlife Rehabilitation Centre South Africa,nonprofit,unpaid
183,http://wfscjobs.tamu.edu/jobs/elephant-monkey-cheetah-program-south-africa-2/,3/21/2016,"Elephant, monkey, Cheetah program – South Africa",nonprofit,unpaid
184,http://wfscjobs.tamu.edu/jobs/endangered-species-centre-21-day-program-conservation-participation-and-sightseeing-south-africa-2/,3/21/2016,"Endangered Species Centre – 21 day program (Conservation, participation and sightseeing) South Africa",nonprofit,unpaid
267,http://wfscjobs.tamu.edu/jobs/raptor-conservation-and-rehabilitation-intern-housing-provided-kentucky/,3/8/2016,Raptor Conservation and Rehabilitation Intern: Housing provided – Kentucky,nonprofit,unpaid
7,http://wfscjobs.tamu.edu/jobs/marine-conservation-volunteering-in-mozambique/,3/29/2016,Marine Conservation Volunteering in MOZAMBIQUE!,nonprofit,unpaid
73,http://wfscjobs.tamu.edu/jobs/marine-conservation-volunteering-in-mozambique/,3/29/2016,Marine Conservation Volunteering in MOZAMBIQUE!,nonprofit,unpaid
148,http://wfscjobs.tamu.edu/jobs/marine-mammal-field-techniques-puerto-rico/,3/22/2016,Marine Mammal Field Techniques: Puerto Rico,nonprofit,unpaid
149,http://wfscjobs.tamu.edu/jobs/tropical-marine-and-coastal-ecology-class-in-the-caribbean/,3/22/2016,Tropical Marine and Coastal Ecology Class in the Caribbean,nonprofit,unpaid
263,http://wfscjobs.tamu.edu/jobs/protected-species-observer-training-in-sarasota-florida-april-9-10/,3/9/2016,"Protected Species Observer Training in Sarasota, Florida April 9-10",nonprofit,unpaid
276,http://wfscjobs.tamu.edu/jobs/hospitality-tourism-internship-in-cancun/,3/7/2016,Hospitality & Tourism Internship in Cancun,nonprofit,unpaid
151,http://wfscjobs.tamu.edu/jobs/rainforest-ecology-lecturer-ecuador/,3/22/2016,Rainforest Ecology Lecturer (Ecuador),nonprofit,unpaid
59,http://wfscjobs.tamu.edu/jobs/short-term-volunteer-indonesia/,3/24/2016,Short term Volunteer: Indonesia,nonprofit,unpaid
125,http://wfscjobs.tamu.edu/jobs/short-term-volunteer-indonesia/,3/24/2016,Short term Volunteer: Indonesia,nonprofit,unpaid
260,http://wfscjobs.tamu.edu/jobs/giant-panda-internship-aug-22nd-to-nov-12th-china/,3/9/2016,"Giant Panda Internship – Aug. 22nd, to Nov. 12th: China",nonprofit,unpaid
21,http://wfscjobs.tamu.edu/jobs/yellow-headed-parrot-nest-monitoring-volunteer-belize/,3/28/2016,Yellow-headed Parrot Nest Monitoring Volunteer: Belize,nonprofit,unpaid
87,http://wfscjobs.tamu.edu/jobs/yellow-headed-parrot-nest-monitoring-volunteer-belize/,3/28/2016,Yellow-headed Parrot Nest Monitoring Volunteer: Belize,nonprofit,unpaid
150,http://wfscjobs.tamu.edu/jobs/graduateprofessional-training-courses-in-conservation-gis-virginia/,3/22/2016,Graduate/Professional Training Courses in Conservation GIS: Virginia,nonprofit,unpaid
139,http://wfscjobs.tamu.edu/jobs/habitat-restoration-residential-internship-california-2/,3/23/2016,Habitat Restoration Residential Internship: California,nonprofit,unpaid
288,http://wfscjobs.tamu.edu/jobs/stewardship-assistant-intern-massachusetts/,3/4/2016,Stewardship Assistant Intern: Massachusetts,nonprofit,unpaid
171,http://wfscjobs.tamu.edu/jobs/volunteerintern-at-swrs-opportunity-to-assist-researchers-from-all-over-the-world-arizona/,3/21/2016,"Volunteer/Intern at SWRS, opportunity to assist researchers from all over the world. Arizona",nonprofit,unpaid
209,http://wfscjobs.tamu.edu/jobs/nevada-department-of-wildlife-vegetationhabitat-assessment-field-technician/,3/15/2016,Nevada Department of Wildlife Vegetation/Habitat Assessment Field Technician,nonprofit,unpaid
145,http://wfscjobs.tamu.edu/jobs/wilderness-ranger-missouri/,3/22/2016,Wilderness Ranger: Missouri,nonprofit,unpaid
30,http://wfscjobs.tamu.edu/jobs/2016-volunteer-wildlifemarine-videographers/,3/25/2016,2016 Volunteer Wildlife/Marine Videographers!,nonprofit,unpaid
96,http://wfscjobs.tamu.edu/jobs/2016-volunteer-wildlifemarine-videographers/,3/25/2016,2016 Volunteer Wildlife/Marine Videographers!,nonprofit,unpaid
167,http://wfscjobs.tamu.edu/jobs/human-elephant-conflict-field-assistant-tanzania/,3/21/2016,Human-elephant conflict field assistant: Tanzania,nonprofit,unpaid
231,http://wfscjobs.tamu.edu/jobs/seasonal-biologistsguides-wyoming/,3/11/2016,Seasonal Biologists/Guides: Wyoming,nonprofit,unpaid
58,http://wfscjobs.tamu.edu/jobs/summer-internship-elizita-ranch-texas/,3/24/2016,Summer Internship – Elizita Ranch: Texas,other,paid
124,http://wfscjobs.tamu.edu/jobs/summer-internship-elizita-ranch-texas/,3/24/2016,Summer Internship – Elizita Ranch: Texas,other,paid
180,http://wfscjobs.tamu.edu/jobs/fly-fishing-guide-alaska/,3/21/2016,Fly Fishing Guide: Alaska,other,paid
163,http://wfscjobs.tamu.edu/jobs/applied-spatial-statistics-using-r-and-arcgis/,3/21/2016,Applied Spatial Statistics Using R and ArcGIS,other,paid
60,http://wfscjobs.tamu.edu/jobs/conservation-detection-dog-handler-oregon-2/,3/24/2016,Conservation Detection Dog Handler: Oregon,other,paid
126,http://wfscjobs.tamu.edu/jobs/conservation-detection-dog-handler-oregon-2/,3/24/2016,Conservation Detection Dog Handler: Oregon,other,paid
141,http://wfscjobs.tamu.edu/jobs/biological-field-technicians-iowa/,3/23/2016,Biological Field Technicians – IOWA,other,paid
6,http://wfscjobs.tamu.edu/jobs/biological-field-technician-california/,3/29/2016,Biological Field Technician – California,other,paid
28,http://wfscjobs.tamu.edu/jobs/biological-field-technician-south-dakota/,3/28/2016,Biological Field Technician – South Dakota,other,paid
72,http://wfscjobs.tamu.edu/jobs/biological-field-technician-california/,3/29/2016,Biological Field Technician – California,other,paid
94,http://wfscjobs.tamu.edu/jobs/biological-field-technician-south-dakota/,3/28/2016,Biological Field Technician – South Dakota,other,paid
13,http://wfscjobs.tamu.edu/jobs/wildlife-biologist-wyoming/,3/29/2016,Wildlife Biologist: Wyoming,other,paid
79,http://wfscjobs.tamu.edu/jobs/wildlife-biologist-wyoming/,3/29/2016,Wildlife Biologist: Wyoming,other,paid
192,http://wfscjobs.tamu.edu/jobs/range-ecologists-botanists-wyoming/,3/21/2016,Range Ecologists / Botanists: Wyoming,other,paid
32,http://wfscjobs.tamu.edu/jobs/summer-intern-texas/,3/25/2016,Summer Intern: Texas,other,paid
98,http://wfscjobs.tamu.edu/jobs/summer-intern-texas/,3/25/2016,Summer Intern: Texas,other,paid
23,http://wfscjobs.tamu.edu/jobs/whitetail-deer-breedingranch-management-internship-texas/,3/28/2016,Whitetail Deer Breeding/Ranch Management Internship: Texas,other,paid
89,http://wfscjobs.tamu.edu/jobs/whitetail-deer-breedingranch-management-internship-texas/,3/28/2016,Whitetail Deer Breeding/Ranch Management Internship: Texas,other,paid
5,http://wfscjobs.tamu.edu/jobs/environmental-intern-north-carolina-and-texas/,3/29/2016,Environmental Intern: North Carolina and Texas,other,paid
71,http://wfscjobs.tamu.edu/jobs/environmental-intern-north-carolina-and-texas/,3/29/2016,Environmental Intern: North Carolina and Texas,other,paid
48,http://wfscjobs.tamu.edu/jobs/internship-texas/,3/24/2016,Internship: Texas,other,paid
114,http://wfscjobs.tamu.edu/jobs/internship-texas/,3/24/2016,Internship: Texas,other,paid
223,http://wfscjobs.tamu.edu/jobs/wetland-scientist-pacific-northwest/,3/14/2016,Wetland Scientist – Pacific Northwest,other,paid
138,http://wfscjobs.tamu.edu/jobs/aquatic-ecology-intern-california/,3/23/2016,Aquatic Ecology Intern: California,other,paid
175,http://wfscjobs.tamu.edu/jobs/on-call-biologist-california-2/,3/21/2016,On-Call Biologist: California,other,paid
64,http://wfscjobs.tamu.edu/jobs/on-call-biologist-wyoming/,3/24/2016,"Wildlife Biologist in Laramie, Wyoming for on-call immmediate employment",other,paid
130,http://wfscjobs.tamu.edu/jobs/on-call-biologist-wyoming/,3/24/2016,"Wildlife Biologist in Laramie, Wyoming for on-call immmediate employment",other,paid
194,http://wfscjobs.tamu.edu/jobs/invasive-species-control-tech-new-york/,3/21/2016,Invasive Species Control Tech: New York,other,paid
244,http://wfscjobs.tamu.edu/jobs/fishinghunting-guide-alaska/,3/10/2016,Fishing/Hunting Guide: Alaska,other,unclear
153,http://wfscjobs.tamu.edu/jobs/legends-ranch-internfarm-assistant-bitely-michigan-3/,3/22/2016,"Legends Ranch Intern/Farm Assistant – Bitely, Michigan",other,unclear
142,http://wfscjobs.tamu.edu/jobs/volunteers-needed-for-solar-power-project-in-costa-rica/,3/23/2016,Volunteers needed for Solar Power Project in Costa Rica!,other,unpaid
15,http://wfscjobs.tamu.edu/jobs/research-assistant-internship-costa-rica/,3/28/2016,Research Assistant Internship: Costa Rica,other,unpaid
81,http://wfscjobs.tamu.edu/jobs/research-assistant-internship-costa-rica/,3/28/2016,Research Assistant Internship: Costa Rica,other,unpaid
